Profession,Interests,,,,,
Software Engineer,"Coding, problem-solving, computers, logic, teamwork, innovation, mathematics, technology, automation",,,,,
Data Scientist,"Statistics, machine learning, problem-solving, data analysis, visualization, research, coding, AI",,,,,
Cybersecurity Specialist,"Security, computers, problem-solving, ethical hacking, coding, encryption, technology, critical thinking",,,,,
Blockchain Developer,"Cryptography, decentralization, coding, programming, fintech, innovation, problem-solving, security",,,,,
Machine Learning Engineer,"Artificial intelligence, mathematics, programming, statistics, automation, innovation, coding, research",,,,,
Doctor,"Biology, helping others, compassion, anatomy, problem-solving, research, patient care, teamwork",,,,,
Nurse,"Patient care, compassion, biology, teamwork, communication, empathy, first aid, problem-solving",,,,,
Teacher,"Mentorship, communication, learning, teaching, subject-specific knowledge, patience, public speaking",,,,,
Architect,"Creativity, designing, mathematics, physics, visualization, problem-solving, drawing, teamwork",,,,,
Civil Engineer,"Infrastructure, problem-solving, mathematics, physics, designing, planning, teamwork, construction",,,,,
Mechanical Engineer,"Machines, problem-solving, mathematics, physics, innovation, designing, automation, teamwork",,,,,
Electrical Engineer,"Circuits, electricity, problem-solving, physics, mathematics, innovation, designing, automation",,,,,
Civil Service (India),"Law, public service, politics, leadership, problem-solving, teamwork, decision-making, research",,,,,
Army Officer,"Patriotism, leadership, teamwork, physical fitness, discipline, adventure, strategy, communication",,,,,
Navy Officer,"Adventure, patriotism, leadership, teamwork, physical fitness, discipline, navigation, problem-solving",,,,,
Pilot,"Flying, adventure, discipline, teamwork, decision-making, physical fitness, technology, communication",,,,,
Police Officer,"Law, public service, leadership, physical fitness, discipline, problem-solving, investigation, teamwork",,,,,
Politician,"Public service, law, leadership, communication, public speaking, strategy, teamwork, decision-making",,,,,
Lawyer,"Law, critical thinking, communication, public speaking, research, problem-solving, negotiation, teamwork",,,,,
Judge,"Law, decision-making, critical thinking, research, leadership, fairness, public speaking, communication",,,,,
Journalist,"Writing, research, communication, public speaking, storytelling, investigation, curiosity, politics",,,,,
Photographer,"Creativity, cameras, observation, storytelling, art, visual communication, editing, travel",,,,,
Videographer,"Filmmaking, creativity, editing, storytelling, cameras, visual arts, technology, teamwork",,,,,
Graphic Designer,"Creativity, designing, visual arts, computers, software, communication, problem-solving, marketing",,,,,
Game Developer,"Programming, creativity, problem-solving, designing, storytelling, computers, logic, teamwork",,,,,
Animator,"Creativity, storytelling, designing, computers, software, visual arts, teamwork, problem-solving",,,,,
UX/UI Designer,"Designing, creativity, problem-solving, psychology, user experience, prototyping, communication, technology",,,,,
Chef,"Cooking, creativity, food, teamwork, time management, innovation, attention to detail, customer service",,,,,
Entrepreneur,"Leadership, innovation, creativity, problem-solving, decision-making, risk-taking, business, communication",,,,,
Financial Analyst,"Numbers, mathematics, economics, problem-solving, analysis, research, critical thinking, planning",,,,,
Accountant,"Mathematics, numbers, finance, attention to detail, problem-solving, organization, communication, law",,,,,
Banker,"Finance, numbers, customer service, communication, mathematics, economics, problem-solving, planning",,,,,
Economist,"Economics, research, mathematics, problem-solving, critical thinking, finance, public policy, planning",,,,,
Psychologist,"Human behavior, research, listening, empathy, problem-solving, communication, mental health, counseling",,,,,
Social Worker,"Helping others, public service, empathy, communication, advocacy, teamwork, problem-solving, leadership",,,,,
Physiotherapist,"Healthcare, helping others, anatomy, biology, physical fitness, problem-solving, communication, teamwork",,,,,
Pharmacist,"Healthcare, biology, chemistry, helping others, attention to detail, research, teamwork, problem-solving",,,,,
Dentist,"Healthcare, anatomy, biology, attention to detail, problem-solving, patient care, communication, precision",,,,,
Veterinarian,"Animals, healthcare, biology, compassion, communication, helping others, problem-solving, research",,,,,
Zoologist,"Animals, biology, research, conservation, environmentalism, observation, problem-solving, fieldwork",,,,,
Marine Biologist,"Ocean, animals, biology, research, environmentalism, diving, conservation, fieldwork, observation",,,,,
Astronomer,"Space, science, mathematics, physics, research, observation, problem-solving, technology, telescopes",,,,,
Astrophysicist,"Space, physics, mathematics, research, problem-solving, critical thinking, observation, technology",,,,,
Geologist,"Earth sciences, fieldwork, research, observation, problem-solving, geography, environment, exploration",,,,,
Meteorologist,"Weather, science, observation, research, problem-solving, physics, environmentalism, communication",,,,,
Biologist,"Science, research, biology, problem-solving, environmentalism, observation, teamwork, critical thinking",,,,,
Chemist,"Chemistry, research, problem-solving, laboratory work, mathematics, attention to detail, innovation, teamwork",,,,,
Environmental Scientist,"Environment, research, problem-solving, biology, chemistry, conservation, sustainability, fieldwork",,,,,
Statistician,"Mathematics, research, data analysis, problem-solving, critical thinking, patterns, numbers, computers",,,,,
Mathematician,"Mathematics, problem-solving, research, logic, critical thinking, numbers, education, analysis",,,,,
Physicist,"Physics, research, problem-solving, mathematics, critical thinking, observation, technology, innovation",,,,,
Research Scientist,"Science, research, problem-solving, observation, critical thinking, innovation, data, experimentation",,,,,
AI Researcher,"Artificial intelligence, programming, problem-solving, research, mathematics, automation, computers",,,,,
Robotics Engineer,"Robotics, programming, problem-solving, mathematics, innovation, designing, automation, teamwork",,,,,
Mechanical Technician,"Machines, problem-solving, repairs, tools, physical work, troubleshooting, attention to detail, teamwork",,,,,
Plumber,"Physical work, tools, problem-solving, repairs, troubleshooting, attention to detail, teamwork, customer service",,,,,
Electrician,"Electricity, tools, problem-solving, repairs, troubleshooting, attention to detail, teamwork, customer service",,,,,
Carpenter,"Woodworking, designing, problem-solving, tools, physical work, attention to detail, teamwork, construction",,,,,
Civil Servant (India),"Public service, law, leadership, communication, decision-making, governance, research, teamwork",,,,,
Government Official,"Public service, law, governance, leadership, communication, decision-making, research, teamwork",,,,,
Public Relations Officer,"Communication, public speaking, media, marketing, networking, writing, strategy, problem-solving",,,,,
Marketing Manager,"Marketing, communication, strategy, creativity, teamwork, leadership, research, business development",,,,,
Human Resources Manager,"People, communication, leadership, problem-solving, negotiation, organization, teamwork, empathy",,,,,
Sales Executive,"Sales, communication, negotiation, customer service, strategy, problem-solving, teamwork, leadership",,,,,
Business Analyst,"Analysis, problem-solving, research, business, data, communication, critical thinking, technology",,,,,
Investment Banker,"Finance, economics, mathematics, risk analysis, communication, leadership, strategy, teamwork",,,,,
Stockbroker,"Finance, investment, risk analysis, mathematics, economics, communication, research, strategy",,,,,
Supply Chain Manager,"Logistics, organization, problem-solving, communication, planning, teamwork, strategy, negotiation",,,,,
Event Planner,"Creativity, organization, communication, planning, teamwork, customer service, problem-solving, leadership",,,,,
Tour Guide,"Communication, history, travel, customer service, storytelling, public speaking, culture, geography",,,,,
Interior Designer,"Creativity, designing, space planning, visualization, customer service, problem-solving, teamwork",,,,,
Fashion Designer,"Creativity, designing, trends, textiles, business, innovation, art, teamwork",,,,,
Journalist (Investigative),"Research, curiosity, writing, communication, public speaking, storytelling, investigation, ethics",,,,,
Content Creator,"Creativity, communication, writing, social media, storytelling, photography, video, marketing",,,,,
ML Engineer,"Machine learning, AI, problem-solving, coding, mathematics, data, automation, research, innovation",,,,,
AI Developer,"Artificial intelligence, coding, logic, mathematics, research, problem-solving, automation, technology",,,,,
Software Tester,"Quality assurance, problem-solving, attention to detail, programming, logical thinking, communication",,,,,
DevOps Engineer,"Automation, cloud computing, problem-solving, coding, infrastructure, teamwork, technology, scripting",,,,,
Database Administrator,"Data management, SQL, problem-solving, organization, security, teamwork, critical thinking, technology",,,,,
Network Administrator,"Networking, troubleshooting, communication, security, teamwork, problem-solving, infrastructure",,,,,
Ethical Hacker,"Security, ethical hacking, problem-solving, coding, technology, critical thinking, cybersecurity, research",,,,,
Big Data Engineer,"Data analysis, large-scale systems, coding, problem-solving, statistics, research, data science, teamwork",,,,,
Cloud Architect,"Cloud computing, innovation, coding, problem-solving, infrastructure, teamwork, data management",,,,,
Web Developer,"Web design, coding, problem-solving, creativity, teamwork, front-end, back-end, UI/UX",,,,,
Mobile App Developer,"Mobile development, coding, creativity, problem-solving, UI/UX, teamwork, innovation",,,,,
Blockchain Architect,"Decentralization, cryptography, coding, fintech, innovation, security, problem-solving, research",,,,,
Indian Administrative Service (IAS),"Public service, leadership, governance, policy-making, law, administration, research, decision-making",,,,,
Indian Police Service (IPS),"Law enforcement, public safety, leadership, physical fitness, discipline, public service, communication",,,,,
Indian Revenue Service (IRS),"Taxation, public finance, economics, law, governance, problem-solving, communication, public service",,,,,
Indian Foreign Service (IFS),"Diplomacy, international relations, communication, governance, policy-making, negotiation, public service",,,,,
Indian Audit and Accounts Service (IAAS),"Public finance, auditing, accounting, governance, problem-solving, law, attention to detail, communication",,,,,
Indian Forest Service (IFoS),"Environment, conservation, forestry, public service, biology, sustainability, research, leadership",,,,,
Indian Postal Service (IPoS),"Communication, logistics, public service, management, teamwork, organization, decision-making",,,,,
Indian Defence Accounts Service (IDAS),"Finance, defense, accounting, public service, governance, problem-solving, leadership, communication",,,,,
Indian Ordnance Factories Service (IOFS),"Defense manufacturing, public service, engineering, management, leadership, teamwork, problem-solving",,,,,
Indian Information Service (IIS),"Communication, journalism, media, public service, public speaking, creativity, leadership",,,,,
Military Engineer (MES),"Engineering, problem-solving, teamwork, construction, leadership, military, physical fitness, planning",,,,,
Paratrooper,"Adventure, teamwork, physical fitness, discipline, strategy, military, leadership, resilience",,,,,
Combat Medic,"Healthcare, military, physical fitness, compassion, problem-solving, teamwork, biology, first aid",,,,,
Military Intelligence Officer,"Strategy, leadership, research, problem-solving, critical thinking, discipline, teamwork, security",,,,,
Air Force Pilot,"Flying, discipline, technology, teamwork, physical fitness, decision-making, strategy, leadership",,,,,
Naval Aviator,"Flying, naval operations, adventure, technology, discipline, teamwork, decision-making, leadership",,,,,
Artillery Officer,"Strategy, teamwork, leadership, military, discipline, physical fitness, problem-solving, communication",,,,,
Sniper,"Precision, focus, discipline, strategy, physical fitness, military, adventure, problem-solving",,,,,
Missile Defense Engineer,"Defense systems, technology, strategy, problem-solving, engineering, physics, teamwork, innovation",,,,,
Scientist (ISRO),"Space, research, problem-solving, physics, mathematics, technology, innovation, critical thinking",,,,,
Nuclear Scientist,"Nuclear physics, research, problem-solving, critical thinking, safety, mathematics, technology, innovation",,,,,
Biotechnologist,"Biology, technology, research, innovation, problem-solving, data analysis, teamwork, critical thinking",,,,,
Geneticist,"Genetics, research, biology, problem-solving, science, innovation, data analysis, teamwork",,,,,
Mathematical Researcher,"Mathematics, problem-solving, research, critical thinking, data, statistics, analysis, logic",,,,,
Actuary,"Mathematics, statistics, risk analysis, finance, economics, problem-solving, critical thinking, research",,,,,
Quantitative Analyst,"Mathematics, statistics, problem-solving, data analysis, finance, economics, coding, critical thinking",,,,,
Investment Manager,"Finance, investment, risk analysis, economics, decision-making, strategy, leadership, teamwork",,,,,
Portfolio Manager,"Investment, finance, risk management, strategy, decision-making, economics, communication, leadership",,,,,
Credit Analyst,"Finance, risk analysis, economics, research, critical thinking, data analysis, communication, decision-making",,,,,
Corporate Lawyer,"Law, contracts, negotiation, research, critical thinking, communication, problem-solving, corporate governance",,,,,
Criminal Lawyer,"Criminal law, research, public speaking, investigation, communication, critical thinking, negotiation",,,,,
Human Rights Lawyer,"Advocacy, law, public speaking, communication, research, critical thinking, empathy, public service",,,,,
Family Lawyer,"Family law, negotiation, empathy, communication, research, problem-solving, critical thinking, legal counseling",,,,,
Intellectual Property Lawyer,"Law, innovation, technology, research, critical thinking, problem-solving, negotiation, communication",,,,,
Journalist (Sports),"Sports, writing, communication, research, storytelling, public speaking, media, analysis",,,,,
Journalist (Financial),"Finance, writing, communication, economics, research, public speaking, analysis, data",,,,,
Editor,"Writing, editing, communication, research, attention to detail, storytelling, creativity, leadership",,,,,
Broadcast Journalist,"Media, public speaking, communication, storytelling, research, journalism, technology, creativity",,,,,
Public Defender,"Law, advocacy, public service, negotiation, communication, research, problem-solving, empathy",,,,,
Patent Attorney,"Intellectual property, law, research, technology, innovation, critical thinking, communication, problem-solving",,,,,
Paralegal,"Law, research, organization, attention to detail, communication, problem-solving, legal writing, teamwork",,,,,
Forensic Accountant,"Finance, investigation, research, critical thinking, problem-solving, law, attention to detail, auditing",,,,,
Tax Consultant,"Finance, law, taxation, problem-solving, research, economics, communication, critical thinking",,,,,
Risk Manager,"Risk analysis, finance, economics, critical thinking, problem-solving, research, communication, leadership",,,,,
Compliance Officer,"Law, ethics, attention to detail, problem-solving, research, communication, leadership, governance",,,,,
Financial Planner,"Finance, investment, risk analysis, communication, strategy, problem-solving, leadership, decision-making",,,,,
Wealth Manager,"Finance, investment, risk analysis, strategy, leadership, communication, problem-solving, decision-making",,,,,
Insurance Underwriter,"Risk analysis, finance, communication, decision-making, problem-solving, economics, attention to detail",,,,,
Customs Officer,"Law, public service, investigation, research, communication, problem-solving, decision-making, security",,,,,
Intelligence Analyst,"Research, critical thinking, problem-solving, strategy, security, communication, analysis, decision-making",,,,,
Diplomat,"International relations, negotiation, communication, diplomacy, public service, leadership, research, strategy",,,,,
Quantum Computing Researcher,"Quantum physics, mathematics, computing, problem-solving, research, critical thinking, technology, innovation",,,,,
UI/UX Researcher,"User experience, psychology, research, problem-solving, creativity, prototyping, analysis, technology",,,,,
Business Intelligence Analyst,"Data analysis, problem-solving, research, business, communication, technology, reporting, strategy",,,,,
Cloud Security Engineer,"Cloud computing, cybersecurity, problem-solving, technology, encryption, research, coding, teamwork",,,,,
Penetration Tester,"Ethical hacking, problem-solving, security, critical thinking, technology, coding, research, investigation",,,,,
Cryptographer,"Cryptography, mathematics, problem-solving, security, encryption, technology, research, innovation",,,,,
Systems Administrator,"Networking, systems management, problem-solving, technology, troubleshooting, security, teamwork",,,,,
IoT Developer,"Internet of Things, innovation, coding, problem-solving, technology, research, automation, teamwork",,,,,
Embedded Systems Engineer,"Electronics, coding, problem-solving, hardware, technology, automation, critical thinking, innovation",,,,,
Chief Information Officer (CIO),"Leadership, technology, strategy, decision-making, problem-solving, management, innovation, teamwork",,,,,
Chief Technology Officer (CTO),"Technology, innovation, leadership, problem-solving, strategy, coding, decision-making, management",,,,,
Quantum Physicist,"Quantum mechanics, research, mathematics, problem-solving, physics, technology, critical thinking, innovation",,,,,
Astrobiologist,"Space biology, research, life sciences, problem-solving, exploration, critical thinking, innovation, biology",,,,,
Genetic Counselor,"Genetics, healthcare, empathy, biology, communication, research, problem-solving, patient care",,,,,
Agricultural Scientist,"Agriculture, biology, research, sustainability, environmentalism, problem-solving, food science, innovation",,,,,
Food Technologist,"Food science, chemistry, innovation, research, problem-solving, health, quality assurance, technology",,,,,
Veterinary Surgeon,"Animal care, surgery, biology, compassion, problem-solving, research, teamwork, healthcare",,,,,
Neuroscientist,"Neuroscience, research, biology, problem-solving, psychology, innovation, critical thinking, technology",,,,,
Cardiologist,"Healthcare, biology, research, patient care, problem-solving, compassion, teamwork, anatomy",,,,,
Radiologist,"Healthcare, technology, problem-solving, biology, research, patient care, attention to detail, teamwork",,,,,
Epidemiologist,"Research, biology, problem-solving, public health, data analysis, healthcare, critical thinking, statistics",,,,,
Paleontologist,"Fossils, research, biology, fieldwork, history, exploration, critical thinking, geology",,,,,
Ecologist,"Ecology, environmentalism, biology, research, sustainability, problem-solving, conservation, teamwork",,,,,
Marine Engineer,"Engineering, problem-solving, naval technology, mathematics, teamwork, physical fitness, construction, innovation",,,,,
Aerospace Engineer,"Aviation, space exploration, physics, mathematics, problem-solving, technology, innovation, teamwork",,,,,
Structural Engineer,"Building design, mathematics, physics, problem-solving, teamwork, construction, innovation, safety",,,,,
Environmental Engineer,"Sustainability, problem-solving, engineering, biology, chemistry, teamwork, environmentalism, innovation",,,,,
Petroleum Engineer,"Oil and gas, problem-solving, engineering, geology, teamwork, technology, innovation, safety",,,,,
Automotive Engineer,"Cars, mechanics, innovation, problem-solving, mathematics, technology, teamwork, automation",,,,,
Mechatronics Engineer,"Robotics, electronics, mechanics, coding, innovation, problem-solving, automation, teamwork",,,,,
Nanotechnologist,"Nanotechnology, innovation, research, chemistry, physics, problem-solving, critical thinking, technology",,,,,
Mining Engineer,"Geology, problem-solving, engineering, safety, technology, innovation, teamwork, construction",,,,,
Biomedical Engineer,"Healthcare, biology, engineering, technology, innovation, problem-solving, research, teamwork",,,,,
Pharmaceutical Scientist,"Chemistry, healthcare, research, biology, problem-solving, innovation, critical thinking, drug development",,,,,
Toxicologist,"Chemistry, biology, research, healthcare, safety, problem-solving, critical thinking, environmental science",,,,,
Statistician,"Mathematics, data analysis, research, problem-solving, statistics, critical thinking, reporting, patterns",,,,,
Operations Research Analyst,"Mathematics, data analysis, research, problem-solving, operations, critical thinking, strategy, decision-making",,,,,
Mathematics Professor,"Mathematics, education, problem-solving, critical thinking, research, teaching, logic, mentoring",,,,,
Game Theorist,"Mathematics, strategy, economics, research, problem-solving, critical thinking, decision-making, gaming",,,,,
Cryptoeconomist,"Cryptocurrencies, blockchain, economics, research, technology, problem-solving, innovation, strategy",,,,,
Commodities Trader,"Finance, economics, negotiation, risk analysis, problem-solving, communication, decision-making, strategy",,,,,
Forensic Scientist,"Science, research, investigation, problem-solving, critical thinking, biology, chemistry, law",,,,,
Cyber Forensics Analyst,"Cybersecurity, investigation, technology, problem-solving, ethical hacking, research, critical thinking, coding",,,,,
Cybersecurity Consultant,"Security, technology, problem-solving, ethical hacking, research, communication, risk analysis, coding",,,,,
Software Architect,"Coding, problem-solving, innovation, technology, software development, critical thinking, teamwork",,,,,
Digital Marketing Manager,"Marketing, communication, creativity, technology, strategy, social media, problem-solving, leadership",,,,,
Content Strategist,"Writing, storytelling, communication, marketing, creativity, research, planning, technology",,,,,
SEO Specialist,"Digital marketing, research, technology, problem-solving, communication, analysis, content creation, optimization",,,,,
Brand Manager,"Marketing, communication, creativity, strategy, leadership, research, problem-solving, business development",,,,,
Market Research Analyst,"Research, analysis, communication, problem-solving, data, strategy, critical thinking, business development",,,,,
Fund Manager,"Finance, investment, risk management, strategy, economics, decision-making, communication, leadership",,,,,
Financial Auditor,"Finance, research, attention to detail, auditing, critical thinking, problem-solving, compliance, analysis",,,,,
Business Consultant,"Business, communication, strategy, problem-solving, analysis, critical thinking, research, leadership",,,,,
Economic Advisor,"Economics, research, policy, problem-solving, critical thinking, communication, finance, strategy",,,,,
Policy Analyst,"Research, public policy, problem-solving, critical thinking, communication, governance, strategy, analysis",,,,,
Foreign Affairs Analyst,"International relations, diplomacy, research, communication, strategy, public policy, critical thinking",,,,,
Public Health Official,"Public health, research, healthcare, problem-solving, communication, policy, leadership, critical thinking",,,,,
Political Scientist,"Politics, research, policy analysis, communication, critical thinking, public speaking, strategy, leadership",,,,,
Lobbyist,"Communication, politics, negotiation, strategy, research, critical thinking, public policy, advocacy",,,,,
Anthropologist,"Research, culture, history, communication, fieldwork, critical thinking, sociology, problem-solving",,,,,
Sociologist,"Human behavior, research, communication, sociology, critical thinking, data analysis, observation, psychology",,,,,
Archivist,"History, research, organization, communication, attention to detail, preservation, problem-solving, data management",,,,,
Museum Curator,"History, art, research, organization, communication, preservation, education, storytelling",,,,,
Historian,"History, research, writing, communication, critical thinking, preservation, storytelling, analysis",,,,,
Art Conservator,"Art, preservation, history, research, attention to detail, problem-solving, creativity, craftsmanship",,,,,
Archaeologist,"History, research, fieldwork, culture, exploration, critical thinking, preservation, problem-solving",,,,,
Restoration Ecologist,"Ecology, environmentalism, research, sustainability, biology, problem-solving, conservation, teamwork",,,,,
Climate Scientist,"Research, environmentalism, climate, data analysis, sustainability, problem-solving, communication, advocacy",,,,,
Urban Planner,"City planning, architecture, problem-solving, sustainability, research, teamwork, geography, innovation",,,,,
Surveyor,"Land measurement, problem-solving, geography, mathematics, technology, critical thinking, construction, teamwork",,,,,
Marine Biologist,"Ocean life, biology, research, sustainability, problem-solving, conservation, exploration, teamwork",,,,,
Zoologist,"Animals, biology, research, conservation, communication, fieldwork, problem-solving, observation",,,,,
Entomologist,"Insects, biology, research, conservation, fieldwork, problem-solving, ecology, sustainability",,,,,
Ornithologist,"Birds, biology, research, conservation, fieldwork, communication, critical thinking, exploration",,,,,
Wildlife Conservationist,"Conservation, biology, research, sustainability, problem-solving, environmentalism, fieldwork, teamwork",,,,,
Agronomist,"Agriculture, biology, sustainability, research, problem-solving, soil science, plant science, innovation",,,,,
Hydrologist,"Water science, research, sustainability, environmentalism, geography, problem-solving, fieldwork, geology",,,,,
Geophysicist,"Geology, physics, research, problem-solving, exploration, mathematics, critical thinking, technology",,,,,
Seismologist,"Earthquakes, geology, research, problem-solving, physics, mathematics, critical thinking, technology",,,,,
Volcanologist,"Volcanoes, geology, research, problem-solving, fieldwork, critical thinking, physics, exploration",,,,,
Oceanographer,"Oceans, research, marine science, problem-solving, biology, physics, conservation, fieldwork",,,,,
Climatologist,"Climate science, research, environmentalism, data analysis, problem-solving, sustainability, fieldwork",,,,,
Glaciologist,"Ice science, research, environmentalism, fieldwork, problem-solving, sustainability, critical thinking",,,,,
Meteorologist,"Weather, research, physics, data analysis, problem-solving, critical thinking, environmentalism, communication",,,,,
Hydraulic Engineer,"Water systems, problem-solving, engineering, sustainability, physics, teamwork, environmentalism, construction",,,,,
Transportation Planner,"Urban planning, logistics, problem-solving, sustainability, research, geography, teamwork, innovation",,,,,
Logistics Manager,"Supply chain, problem-solving, organization, communication, transportation, teamwork, planning, technology",,,,,
Supply Chain Analyst,"Data analysis, logistics, research, problem-solving, organization, teamwork, strategy, optimization",,,,,
Operations Manager,"Business, management, problem-solving, leadership, communication, strategy, decision-making, planning",,,,,
Quality Control Manager,"Quality assurance, problem-solving, attention to detail, management, leadership, teamwork, technology, safety",,,,,
Product Manager,"Product development, strategy, problem-solving, communication, innovation, teamwork, leadership, marketing",,,,,
Data Scientist,"Data analysis, research, problem-solving, mathematics, machine learning, coding, technology, statistics",,,,,
Data Engineer,"Data management, coding, problem-solving, technology, databases, teamwork, infrastructure, automation",,,,,
Information Security Analyst,"Cybersecurity, problem-solving, research, critical thinking, technology, communication, risk management",,,,,
Chief Data Officer (CDO),"Data strategy, leadership, problem-solving, communication, technology, research, management, decision-making",,,,,
Technical Support Specialist,"Problem-solving, technology, communication, troubleshooting, customer service, teamwork, research",,,,,
IT Project Manager,"Technology, leadership, problem-solving, communication, project management, planning, teamwork, strategy",,,,,
AI Ethics Specialist,"Ethics, artificial intelligence, research, problem-solving, critical thinking, communication, philosophy, innovation",,,,,
Cognitive Scientist,"Mind science, psychology, research, problem-solving, neuroscience, critical thinking, communication, technology",,,,,
Psychometrician,"Psychological measurement, research, problem-solving, statistics, critical thinking, education, data analysis",,,,,
Forensic Psychologist,"Psychology, law, research, problem-solving, investigation, communication, critical thinking, empathy",,,,,
Clinical Psychologist,"Mental health, psychology, empathy, problem-solving, communication, research, therapy, critical thinking",,,,,
Occupational Therapist,"Healthcare, problem-solving, patient care, psychology, empathy, communication, teamwork, rehabilitation",,,,,
Physical Therapist,"Healthcare, fitness, biology, rehabilitation, communication, problem-solving, teamwork, patient care",,,,,
Speech-Language Pathologist,"Communication, healthcare, problem-solving, empathy, patient care, research, psychology, rehabilitation",,,,,
Genetic Counselor,"Genetics, healthcare, problem-solving, communication, research, biology, empathy, patient care",,,,,
Rehabilitation Counselor,"Patient care, empathy, psychology, problem-solving, communication, healthcare, rehabilitation, counseling",,,,,
Mental Health Counselor,"Psychology, empathy, communication, problem-solving, counseling, research, therapy, patient care",,,,,
Substance Abuse Counselor,"Psychology, empathy, communication, problem-solving, rehabilitation, counseling, public service, patient care",,,,,
Marriage and Family Therapist,"Psychology, communication, empathy, problem-solving, counseling, family dynamics, research, patient care",,,,,
School Counselor,"Education, empathy, communication, problem-solving, student support, guidance, research, mentoring",,,,,
Social Worker,"Public service, empathy, communication, problem-solving, research, advocacy, counseling, patient care",,,,,
Community Health Worker,"Public health, empathy, communication, healthcare, problem-solving, community support, education, outreach",,,,,
Public Relations Specialist,"Communication, public speaking, media, problem-solving, creativity, strategy, writing, relationship-building",,,,,
Event Planner,"Organization, creativity, communication, problem-solving, management, teamwork, logistics, planning",,,,,
Fundraising Manager,"Communication, public speaking, fundraising, leadership, problem-solving, strategy, planning, relationship-building",,,,,
Advertising Executive,"Marketing, communication, creativity, leadership, strategy, problem-solving, public speaking, innovation",,,,,
Art Director,"Art, creativity, leadership, communication, design, problem-solving, teamwork, visual storytelling",,,,,
Graphic Designer,"Creativity, design, communication, technology, problem-solving, visual storytelling, art, innovation",,,,,
Animator,"Animation, creativity, storytelling, technology, design, problem-solving, art, teamwork",,,,,
Video Game Designer,"Gaming, creativity, storytelling, coding, problem-solving, design, technology, teamwork",,,,,
Sound Engineer,"Audio, technology, problem-solving, creativity, communication, production, critical thinking, teamwork",,,,,
Music Producer,"Music, creativity, technology, communication, leadership, problem-solving, teamwork, innovation",,,,,
Film Director,"Filmmaking, storytelling, creativity, leadership, communication, problem-solving, teamwork, visual arts",,,,,
Cinematographer,"Filmmaking, photography, creativity, storytelling, technology, problem-solving, teamwork, visual arts",,,,,
Set Designer,"Art, creativity, design, problem-solving, teamwork, storytelling, construction, visual arts",,,,,
Costume Designer,"Fashion, creativity, design, art, problem-solving, teamwork, visual storytelling, communication",,,,,
Stage Manager,"Theatre, communication, problem-solving, teamwork, leadership, organization, creativity, production",,,,,
Scriptwriter,"Storytelling, writing, creativity, communication, problem-solving, research, film, innovation",,,,,
Journalist (Environmental),"Environmentalism, writing, research, communication, storytelling, public speaking, sustainability, advocacy",,,,,
Public Health Educator,"Healthcare, education, public speaking, communication, problem-solving, research, advocacy, community outreach",,,,,
Fitness Trainer,"Physical fitness, coaching, communication, problem-solving, leadership, health, motivation, teamwork",,,,,
Dietitian/Nutritionist,"Nutrition, healthcare, problem-solving, communication, research, biology, public speaking, patient care",,,,,
Yoga Instructor,"Physical fitness, mindfulness, communication, teaching, health, problem-solving, motivation, spirituality",,,,,
Choreographer,"Dance, creativity, physical fitness, communication, teamwork, teaching, problem-solving, storytelling",,,,,
Sports Coach,"Leadership, physical fitness, communication, strategy, teamwork, motivation, problem-solving, mentorship",,,,,
Professional Athlete,"Physical fitness, competition, teamwork, discipline, communication, problem-solving, leadership, resilience",,,,,
Athletic Scout,"Sports, talent evaluation, communication, problem-solving, leadership, teamwork, critical thinking",,,,,
Sports Agent,"Sports, negotiation, communication, strategy, leadership, problem-solving, teamwork, relationship-building",,,,,
Event Coordinator,"Organization, communication, problem-solving, teamwork, leadership, planning, logistics, creativity",,,,,
Museum Educator,"History, communication, education, problem-solving, storytelling, research, public speaking, teamwork",,,,,
Travel Agent,"Travel, communication, problem-solving, organization, planning, customer service, logistics, research",,,,,
Tour Guide,"Travel, storytelling, public speaking, communication, problem-solving, history, geography, customer service",,,,,
Indian Administrative Service (IAS),"Public service, leadership, governance, policy analysis, decision-making, law, problem-solving, management",,,,,
Indian Foreign Service (IFS),"Diplomacy, international relations, communication, problem-solving, foreign policy, negotiation, leadership, cultural sensitivity",,,,,
Indian Police Service (IPS),"Law enforcement, public service, leadership, problem-solving, teamwork, investigation, decision-making, public safety",,,,,
Indian Revenue Service (IRS),"Taxation, finance, problem-solving, law, research, leadership, public service, communication",,,,,
Indian Audit and Accounts Service (IAAS),"Auditing, finance, problem-solving, governance, attention to detail, communication, leadership, public service",,,,,
Indian Forest Service (IFoS),"Environmental conservation, public service, wildlife management, problem-solving, leadership, fieldwork, sustainability",,,,,
Indian Postal Service,"Communication, public service, logistics, management, teamwork, customer service, leadership, problem-solving",,,,,
Indian Railway Traffic Service (IRTS),"Transportation, public service, logistics, leadership, communication, problem-solving, teamwork, management",,,,,
Indian Railway Accounts Service (IRAS),"Finance, public service, accounting, problem-solving, governance, leadership, teamwork, communication",,,,,
Indian Railway Personnel Service (IRPS),"Human resources, public service, leadership, problem-solving, communication, teamwork, governance, policy",,,,,
Indian Trade Service,"Commerce, international trade, public service, communication, negotiation, leadership, problem-solving, economics",,,,,
Indian Information Service (IIS),"Media, public service, communication, journalism, storytelling, leadership, problem-solving, public relations",,,,,
Indian Defence Accounts Service (IDAS),"Finance, defense, problem-solving, public service, leadership, communication, governance, accounting",,,,,
Indian Ordnance Factories Service (IOFS),"Manufacturing, defense, public service, problem-solving, engineering, teamwork, leadership, production management",,,,,
Indian Corporate Law Service (ICLS),"Law, corporate governance, public service, problem-solving, leadership, communication, compliance, research",,,,,
Indian Economic Service (IES),"Economics, public service, research, problem-solving, communication, policy analysis, leadership, governance",,,,,
Indian Statistical Service (ISS),"Statistics, research, public service, data analysis, problem-solving, communication, economics, policy",,,,,
Indian Meteorological Service (IMS),"Meteorology, public service, research, weather forecasting, problem-solving, environmentalism, teamwork, communication",,,,,
Customs Officer,"Law enforcement, public service, customs regulation, problem-solving, communication, leadership, investigation, trade",,,,,
Border Security Force (BSF) Officer,"National security, teamwork, leadership, public service, physical fitness, problem-solving, communication, discipline",,,,,
Central Reserve Police Force (CRPF) Officer,"National security, teamwork, leadership, physical fitness, public service, problem-solving, communication, discipline",,,,,
Intelligence Bureau (IB) Officer,"Investigation, national security, problem-solving, leadership, communication, critical thinking, public service, research",,,,,
Central Bureau of Investigation (CBI) Officer,"Law enforcement, investigation, problem-solving, leadership, communication, critical thinking, public service, teamwork",,,,,
Indian Coast Guard Officer,"Maritime security, public service, leadership, teamwork, physical fitness, problem-solving, communication, discipline",,,,,
National Disaster Response Force (NDRF) Officer,"Disaster management, public service, leadership, physical fitness, problem-solving, teamwork, communication, safety",,,,,
National Investigation Agency (NIA) Officer,"Law enforcement, investigation, national security, problem-solving, leadership, critical thinking, teamwork, communication",,,,,
Public Sector Undertaking (PSU) Officer,"Management, public service, leadership, problem-solving, communication, teamwork, decision-making, engineering",,,,,
District Magistrate,"Public service, leadership, governance, problem-solving, decision-making, law, policy implementation, communication",,,,,
Election Commissioner,"Governance, public service, leadership, communication, problem-solving, decision-making, law, policy implementation",,,,,
Rural Development Officer,"Public service, rural development, leadership, communication, problem-solving, policy implementation, teamwork, agriculture",,,,,
Labour Welfare Officer,"Public service, labour laws, problem-solving, communication, leadership, policy implementation, governance, employee rights",,,,,
Indian Space Research Organisation (ISRO) Scientist,"Space science, research, engineering, problem-solving, innovation, teamwork, technology, leadership",,,,,
Defence Research and Development Organisation (DRDO) Scientist,"Research, defense technology, problem-solving, engineering, innovation, leadership, teamwork, critical thinking",,,,,
Indian Oil Corporation (IOCL) Officer,"Energy management, leadership, public service, problem-solving, teamwork, communication, logistics, engineering",,,,,
Bank Probationary Officer (PO),"Finance, banking, public service, problem-solving, communication, leadership, customer service, teamwork, decision-making",,,,,
Public Prosecutor,"Law, public service, litigation, problem-solving, communication, leadership, courtroom advocacy, research, decision-making",,,,,
Assistant Labour Commissioner,"Labour laws, public service, leadership, problem-solving, communication, governance, policy implementation, employee welfare",,,,,
Central Secretariat Service (CSS) Officer,"Governance, public service, problem-solving, leadership, policy implementation, communication, decision-making, teamwork",,,,,
National Health Mission (NHM) Officer,"Public health, healthcare, public service, leadership, problem-solving, policy implementation, teamwork, communication",,,,,
Assistant Commandant (CAPF),"National security, public service, leadership, teamwork, physical fitness, problem-solving, communication, discipline",,,,,
Civil Engineer,"construction, structural design, problem-solving, project management, math, materials, site inspections, safety, infrastructure, planning",,,,,
Mechanical Engineer,"mechanical systems, problem-solving, design, engineering principles, manufacturing, maintenance, robotics, innovation, CAD, technical skills",,,,,
Electrical Engineer,"electrical systems, problem-solving, circuit design, electronics, power generation, systems integration, troubleshooting, safety, technology",,,,,
Chemical Engineer,"chemical processes, problem-solving, research, safety, manufacturing, process design, chemistry, technology, analysis, innovation",,,,,
Aerospace Engineer,"aircraft design, space exploration, problem-solving, aerodynamics, propulsion, materials, technology, systems integration, research, innovation",,,,,
Industrial Engineer,"process optimization, problem-solving, efficiency, operations, systems design, logistics, manufacturing, technology, project management, data analysis",,,,,
Environmental Engineer,"environmental protection, sustainability, problem-solving, research, waste management, pollution control, water resources, technology, conservation, project management",,,,,
Structural Engineer,"building design, structural analysis, problem-solving, materials, construction, safety, math, technical skills, project management, engineering principles",,,,,
Biomedical Engineer,"medical devices, problem-solving, technology, biology, patient care, research, design, innovation, technical skills, health applications",,,,,
Marine Engineer,"ship systems, maritime technology, problem-solving, maintenance, propulsion, design, safety, operations, research, engineering principles",,,,,
Petroleum Engineer,"oil extraction, problem-solving, drilling technology, reservoir management, safety, research, operations, geology, technical skills, innovation",,,,,
Mining Engineer,"mining operations, problem-solving, resource extraction, safety, geology, technology, operations management, environmental impact, equipment, logistics",,,,,
Nuclear Engineer,"nuclear systems, safety, problem-solving, reactor design, research, energy production, technology, radiation protection, engineering principles, maintenance",,,,,
Agricultural Engineer,"agricultural systems, problem-solving, technology, crop production, machinery, sustainability, research, design, soil management, innovation",,,,,
Systems Engineer,"system integration, problem-solving, technology, design, operations, project management, communication, technical skills, analysis, implementation",,,,,
Robotics Engineer,"robotics design, problem-solving, automation, programming, mechanical systems, electronics, research, technology, innovation, control systems",,,,,
Automotive Engineer,"vehicle design, problem-solving, automotive systems, manufacturing, safety, technology, research, mechanical systems, innovation, performance",,,,,
Construction Engineer,"construction management, problem-solving, site inspections, project planning, safety, materials, design, technology, operations, infrastructure",,,,,
Chemical Process Engineer,"process design, problem-solving, chemistry, manufacturing, safety, technology, optimization, research, production, analysis",,,,,
Electronics Engineer,"electronic circuits, problem-solving, design, technology, troubleshooting, communication systems, research, components, innovation, systems integration",,,,,
Thermal Engineer,"heat transfer, problem-solving, thermal systems, design, energy efficiency, research, technology, operations, materials, analysis",,,,,
Control Systems Engineer,"control systems, automation, problem-solving, design, technology, programming, feedback systems, research, instrumentation, engineering principles",,,,,
Water Resources Engineer,"water management, problem-solving, environmental engineering, design, technology, research, conservation, infrastructure, sustainability, operations",,,,,
News Anchor,"public speaking, communication, news analysis, problem-solving, research, broadcasting, storytelling, interviewing, current events, media presentation",,,,,
Investigative Journalist,"investigative research, storytelling, problem-solving, communication, writing, news analysis, fact-checking, data collection, interviews, public interest",,,,,
War Correspondent,"journalism, conflict reporting, problem-solving, communication, international affairs, photography, travel, research, risk-taking, storytelling",,,,,
Copywriter,"creative writing, problem-solving, communication, marketing, advertising, research, editing, storytelling, branding, digital content",,,,,
Content Strategist,"content planning, problem-solving, communication, digital marketing, storytelling, SEO, audience analysis, creativity, research, social media",,,,,
Editorial Assistant,"editorial processes, problem-solving, communication, proofreading, writing, research, organization, publication management, content review, editing",,,,,
Public Information Officer,"public relations, communication, problem-solving, press releases, crisis communication, media relations, storytelling, public speaking, writing, outreach",,,,,
Columnist,"opinion writing, communication, problem-solving, research, storytelling, current events, writing, journalism, creativity, audience engagement",,,,,
Broadcast Journalist,"broadcasting, public speaking, problem-solving, communication, journalism, storytelling, current events, media production, interviewing, news reporting",,,,,
Magazine Editor,"content curation, problem-solving, communication, journalism, creativity, writing, storytelling, research, editing, publication management",,,,,
Film Critic,"film analysis, writing, communication, problem-solving, storytelling, entertainment, creativity, research, critical thinking, media review",,,,,
Media Correspondent,"news reporting, communication, problem-solving, journalism, media production, public speaking, research, interviews, storytelling, current events",,,,,
Press Secretary,"public relations, communication, problem-solving, media relations, press conferences, writing, crisis communication, public speaking, strategy, politics",,,,,
Freelance Writer,"writing, communication, problem-solving, storytelling, creativity, research, time management, editing, project management, content creation",,,,,
Scriptwriter,"creative writing, storytelling, problem-solving, communication, film production, research, media, editing, creativity, entertainment",,,,,
Social Media Manager,"social media, communication, problem-solving, digital marketing, content creation, storytelling, analytics, audience engagement, creativity, brand management",,,,,
Communications Specialist,"communication strategies, problem-solving, public relations, media relations, content creation, writing, digital marketing, social media, public speaking, branding",,,,,
Book Editor,"book editing, writing, problem-solving, communication, storytelling, proofreading, publishing, research, grammar, creativity",,,,,
Photojournalist,"photography, journalism, problem-solving, storytelling, communication, media production, creativity, current events, research, visual storytelling",,,,,
Ghostwriter,"creative writing, storytelling, communication, problem-solving, research, content creation, editing, anonymity, project management, publication",,,,,
Podcaster,"podcast production, communication, storytelling, public speaking, problem-solving, interviews, research, digital content, audience engagement, creativity",,,,,
Broadcast Producer,"media production, problem-solving, communication, storytelling, journalism, scheduling, content creation, project management, broadcasting, news reporting",,,,,
Editorial Writer,"writing, communication, problem-solving, storytelling, research, news analysis, creativity, current events, journalism, critical thinking",,,,,
Proofreader,"proofreading, communication, problem-solving, grammar, editing, attention to detail, writing, content accuracy, research, language skills",,,,,
Radio Host,"public speaking, communication, problem-solving, broadcasting, media production, storytelling, interviews, current events, research, audience engagement",,,,,
Publishing Manager,"content management, problem-solving, communication, editorial processes, publication planning, writing, project management, strategy, marketing, editing",,,,,
Copy Editor,"editing, problem-solving, communication, grammar, writing, content review, proofreading, fact-checking, attention to detail, publishing",,,,,
Documentarian,"documentary production, storytelling, problem-solving, communication, filmmaking, research, editing, creativity, current events, visual storytelling",,,,,
Speechwriter,"writing, communication, public speaking, problem-solving, research, storytelling, creativity, politics, editing, leadership",,,,,
Technical Journalist,"technical writing, journalism, problem-solving, research, communication, technology, storytelling, editing, content creation, current trends",,,,,